<?xml version="1.0" encoding="utf-8"?>
<!--/791366/41184/2.50/3/3/TVS Diode (Bi-directional)/-->
<quadcept_library>
  <setting unit="mil" />
  <textstyle name="Default" height="47.244094488189" strokewidth="7.8740157480315" charwidth="47.244094488189" />
  <textstyle name="Dimension" height="19.6850393700787" strokewidth="0" charwidth="19.6850393700787" />
  <textstyle name="H127W0635TH00762" height="50" strokewidth="3" charwidth="25" />
  <textstyle name="H15W15TH02" height="59.0551181102362" strokewidth="7.8740157480315" charwidth="59.0551181102362" />
  <padstyle name="r125_60" surface="True" plated="False" isvia="False" nopaste="False" nomask="True" complex="False" holesize="0">
    <padshape layer="TOP" shape="rectangle" width="23.622047244094" height="49.212598425196" />
    <padshape layer="TOP_SOLDER_MASK" shape="rectangle" width="31.496062992126" height="57.086614173228" />
    <padshape layer="TOP_SOLDER_PASTE" shape="rectangle" width="23.622047244094" height="49.212598425196" />
  </padstyle>
  <footprint name="SOT95P230X117-3N" originx="0" originy="0" pickpointx="0" pickpointy="0">
    <pcbpin number="1" name="1" style="r125_60" originx="-39.370078740157" originy="37.401574803149" rotation="90" />
    <pcbpin number="2" name="2" style="r125_60" originx="-39.370078740157" originy="-37.401574803149" rotation="90" />
    <pcbpin number="3" name="3" style="r125_60" originx="39.370078740157" originy="0" rotation="90" />
    <line layer="TOP_PLACE_BOUND" originx="-73.818897637794" originy="68.897637795275" endx="73.818897637794" endy="68.897637795275" width="1.9685039370079" />
    <line layer="TOP_PLACE_BOUND" originx="73.818897637794" originy="68.897637795275" endx="73.818897637794" endy="-68.897637795275" width="1.9685039370079" />
    <line layer="TOP_PLACE_BOUND" originx="73.818897637794" originy="-68.897637795275" endx="-73.818897637794" endy="-68.897637795275" width="1.9685039370079" />
    <line layer="TOP_PLACE_BOUND" originx="-73.818897637794" originy="-68.897637795275" endx="-73.818897637794" endy="68.897637795275" width="1.9685039370079" />
    <line layer="TOP_ASSEMBLY" originx="-25.590551181102" originy="57.086614173228" endx="25.590551181102" endy="57.086614173228" width="3.9370078740157" />
    <line layer="TOP_ASSEMBLY" originx="25.590551181102" originy="57.086614173228" endx="25.590551181102" endy="-57.086614173228" width="3.9370078740157" />
    <line layer="TOP_ASSEMBLY" originx="25.590551181102" originy="-57.086614173228" endx="-25.590551181102" endy="-57.086614173228" width="3.9370078740157" />
    <line layer="TOP_ASSEMBLY" originx="-25.590551181102" originy="-57.086614173228" endx="-25.590551181102" endy="57.086614173228" width="3.9370078740157" />
    <line layer="TOP_ASSEMBLY" originx="-25.590551181102" originy="19.685039370078" endx="11.811023622047" endy="57.086614173228" width="3.9370078740157" />
    <line layer="TOP_SILKSCREEN" originx="-0.98425196850393" originy="57.086614173228" endx="0.98425196850393" endy="57.086614173228" width="7.8740157480314" />
    <line layer="TOP_SILKSCREEN" originx="0.98425196850393" originy="57.086614173228" endx="0.98425196850393" endy="-57.086614173228" width="7.8740157480314" />
    <line layer="TOP_SILKSCREEN" originx="0.98425196850393" originy="-57.086614173228" endx="-0.98425196850393" endy="-57.086614173228" width="7.8740157480314" />
    <line layer="TOP_SILKSCREEN" originx="-0.98425196850393" originy="-57.086614173228" endx="-0.98425196850393" endy="57.086614173228" width="7.8740157480314" />
    <line layer="TOP_SILKSCREEN" originx="-63.976377952755" originy="59.055118110235" endx="-14.763779527559" endy="59.055118110235" width="7.8740157480314" />
  </footprint>
  <symbol name="CDSOT23-T24CAN" originx="0" originy="0">
    <line originx="200" originy="100" endx="700" endy="100" width="0" />
    <line originx="700" originy="-200" endx="700" endy="100" width="0" />
    <line originx="700" originy="-200" endx="200" endy="-200" width="0" />
    <line originx="200" originy="100" endx="200" endy="-200" width="0" />
    <sympin number="1" originx="200" originy="0" rotation="180" length="100" width="7.8740157480315" flipped="False">
      <text name="pinname" originx="230" originy="0" style="Default" rotation="0" justify="left" flipped="False" hidden="False" data="K1" />
      <text name="pindes" originx="140" originy="20" style="Default" rotation="0" justify="lowerright" flipped="False" hidden="False" data="1" />
    </sympin>
    <sympin number="2" originx="200" originy="-100" rotation="180" length="100" width="7.8740157480315" flipped="False">
      <text name="pinname" originx="230" originy="-100" style="Default" rotation="0" justify="left" flipped="False" hidden="False" data="K2" />
      <text name="pindes" originx="140" originy="-80" style="Default" rotation="0" justify="lowerright" flipped="False" hidden="False" data="2" />
    </sympin>
    <sympin number="3" originx="700" originy="0" rotation="0" length="100" width="7.8740157480315" flipped="False">
      <text name="pinname" originx="670" originy="0" style="Default" rotation="0" justify="right" flipped="False" hidden="False" data="K3" />
      <text name="pindes" originx="760" originy="20" style="Default" rotation="0" justify="lowerleft" flipped="False" hidden="False" data="3" />
    </sympin>
  </symbol>
  <component name="CDSOT23-T24CAN" designatorprefix="D" height="46.062992125984" footprint="SOT95P230X117-3N">
    <comppin designator="1" sympin="1" pinswap="0" gateswap="0" gate="1" group="1" side="" type="Any" name="K1" />
    <comppin designator="2" sympin="2" pinswap="0" gateswap="0" gate="1" group="1" side="" type="Any" name="K2" />
    <comppin designator="3" sympin="3" pinswap="0" gateswap="0" gate="1" group="1" side="" type="Any" name="K3" />
    <attached_symbol gate="1" name="CDSOT23-T24CAN" />
    <pinmap designator="1" footprintpin="1" />
    <pinmap designator="2" footprintpin="2" />
    <pinmap designator="3" footprintpin="3" />
    <text name="Datasheet" originx="0" originy="0" style="Default" rotation="0" justify="" flipped="False" hidden="True" data="https://www.bourns.com/docs/Product-Datasheets/CDSOT23-T24CAN.pdf" />
    <text name="Description" originx="0" originy="0" style="Default" rotation="0" justify="" flipped="False" hidden="True" data="Bourns CDSOT23-T24CAN, Dual Bi-Directional ESD Protection Diode, 3-Pin SOT-23" />
    <text name="Mouser Part Number" originx="0" originy="0" style="Default" rotation="0" justify="" flipped="False" hidden="True" data="652-CDSOT23-T24CAN" />
    <text name="Mouser Price/Stock" originx="0" originy="0" style="Default" rotation="0" justify="" flipped="False" hidden="True" data="https://www.mouser.co.uk/ProductDetail/Bourns/CDSOT23-T24CAN?qs=Z7P4xsdcg2LuAOb%2FzQ7xoQ%3D%3D" />
    <text name="Manufacturer_Name" originx="0" originy="0" style="Default" rotation="0" justify="" flipped="False" hidden="True" data="Bourns" />
    <text name="Manufacturer_Part_Number" originx="750" originy="200" style="Default" rotation="0" justify="left" flipped="False" hidden="False" data="CDSOT23-T24CAN" />
  </component>
</quadcept_library>
