<?xml version="1.0" encoding="utf-8"?>
<!--/13137804/41184/2.50/2/4/Crystal or Oscillator/-->
<quadcept_library>
  <setting unit="mil" />
  <textstyle name="Default" height="47.244094488189" strokewidth="7.8740157480315" charwidth="47.244094488189" />
  <textstyle name="Dimension" height="19.6850393700787" strokewidth="0" charwidth="19.6850393700787" />
  <textstyle name="H127W0635TH00762" height="50" strokewidth="3" charwidth="25" />
  <textstyle name="H15W15TH02" height="59.0551181102362" strokewidth="7.8740157480315" charwidth="59.0551181102362" />
  <padstyle name="r270_150" surface="True" plated="False" isvia="False" nopaste="False" nomask="True" complex="False" holesize="0">
    <padshape layer="TOP" shape="rectangle" width="59.055118110235" height="106.29921259842" />
    <padshape layer="TOP_SOLDER_MASK" shape="rectangle" width="66.929133858267" height="114.17322834646" />
    <padshape layer="TOP_SOLDER_PASTE" shape="rectangle" width="59.055118110235" height="106.29921259842" />
  </padstyle>
  <footprint name="NX3225GD8MHZSTDCRA3" originx="0" originy="0" pickpointx="0" pickpointy="0">
    <pcbpin number="1" name="1" style="r270_150" originx="-37.401574803149" originy="0" rotation="0" />
    <pcbpin number="2" name="2" style="r270_150" originx="37.401574803149" originy="0" rotation="0" />
    <line layer="TOP_ASSEMBLY" originx="-62.992125984251" originy="-49.212598425196" endx="62.992125984251" endy="-49.212598425196" width="7.8740157480314" />
    <line layer="TOP_ASSEMBLY" originx="62.992125984251" originy="-49.212598425196" endx="62.992125984251" endy="49.212598425196" width="7.8740157480314" />
    <line layer="TOP_ASSEMBLY" originx="62.992125984251" originy="49.212598425196" endx="-62.992125984251" endy="49.212598425196" width="7.8740157480314" />
    <line layer="TOP_ASSEMBLY" originx="-62.992125984251" originy="49.212598425196" endx="-62.992125984251" endy="-49.212598425196" width="7.8740157480314" />
    <line layer="TOP_PLACE_BOUND" originx="-145.66929133858" originy="92.519685039369" endx="106.29921259842" endy="92.519685039369" width="3.9370078740157" />
    <line layer="TOP_PLACE_BOUND" originx="106.29921259842" originy="92.519685039369" endx="106.29921259842" endy="-92.519685039369" width="3.9370078740157" />
    <line layer="TOP_PLACE_BOUND" originx="106.29921259842" originy="-92.519685039369" endx="-145.66929133858" endy="-92.519685039369" width="3.9370078740157" />
    <line layer="TOP_PLACE_BOUND" originx="-145.66929133858" originy="-92.519685039369" endx="-145.66929133858" endy="92.519685039369" width="3.9370078740157" />
    <line layer="TOP_SILKSCREEN" originx="-106.29921259842" originy="0" endx="-106.29921259842" endy="0" width="7.8740157480314" />
    <arc layer="TOP_SILKSCREEN" originx="-104.33070866142" originy="0" startangle="-180.0" sweepangle="180.0" radius="1.9685039370079" width="7.8740157480314" />
    <line layer="TOP_SILKSCREEN" originx="-102.36220472441" originy="0" endx="-102.36220472441" endy="0" width="7.8740157480314" />
    <arc layer="TOP_SILKSCREEN" originx="-104.33070866142" originy="0" startangle=".0" sweepangle="180.0" radius="1.9685039370079" width="7.8740157480314" />
    <line layer="TOP_SILKSCREEN" originx="-106.29921259842" originy="0" endx="-106.29921259842" endy="0" width="7.8740157480314" />
    <arc layer="TOP_SILKSCREEN" originx="-104.33070866142" originy="0" startangle="-180.0" sweepangle="180.0" radius="1.9685039370079" width="7.8740157480314" />
  </footprint>
  <symbol name="NX3225GD-8MHZ-STD-CRA-3" originx="0" originy="0">
    <line originx="120" originy="100" endx="120" endy="-100" width="0" />
    <line originx="280" originy="100" endx="280" endy="-100" width="0" />
    <line originx="160" originy="140" endx="160" endy="-140" width="0" />
    <line originx="240" originy="-140" endx="160" endy="-140" width="0" />
    <line originx="240" originy="-140" endx="240" endy="140" width="0" />
    <line originx="160" originy="140" endx="240" endy="140" width="0" />
    <line originx="280" originy="0" endx="300" endy="0" width="0" />
    <line originx="120" originy="0" endx="100" endy="0" width="0" />
    <sympin number="1" originx="100" originy="0" rotation="180" length="100" width="7.8740157480315" flipped="False">
      <text name="pinname" originx="140" originy="10" style="Default" rotation="0" justify="left" flipped="False" hidden="True" data="1" />
      <text name="pindes" originx="60" originy="10" style="Default" rotation="0" justify="lowerright" flipped="False" hidden="False" data="1" />
    </sympin>
    <sympin number="2" originx="300" originy="0" rotation="0" length="100" width="7.8740157480315" flipped="False">
      <text name="pinname" originx="260" originy="10" style="Default" rotation="0" justify="right" flipped="False" hidden="True" data="2" />
      <text name="pindes" originx="340" originy="10" style="Default" rotation="0" justify="lowerleft" flipped="False" hidden="False" data="2" />
    </sympin>
  </symbol>
  <component name="NX3225GD-8MHZ-STD-CRA-3" designatorprefix="Y" height="39.370078740157" footprint="NX3225GD8MHZSTDCRA3">
    <comppin designator="1" sympin="1" pinswap="0" gateswap="0" gate="1" group="1" side="" type="Any" name="1" />
    <comppin designator="2" sympin="2" pinswap="0" gateswap="0" gate="1" group="1" side="" type="Any" name="2" />
    <attached_symbol gate="1" name="NX3225GD-8MHZ-STD-CRA-3" />
    <pinmap designator="1" footprintpin="1" />
    <pinmap designator="2" footprintpin="2" />
    <text name="Datasheet" originx="0" originy="0" style="Default" rotation="0" justify="" flipped="False" hidden="True" data="" />
    <text name="Description" originx="0" originy="0" style="Default" rotation="0" justify="" flipped="False" hidden="True" data="A small surface-mount type crystal unit, ideal for an engine control CPU clock; delivering the high reliability that is particularly demanded by autom" />
    <text name="Mouser Part Number" originx="0" originy="0" style="Default" rotation="0" justify="" flipped="False" hidden="True" data="344-NX3225GD8MCRA3" />
    <text name="Mouser Price/Stock" originx="0" originy="0" style="Default" rotation="0" justify="" flipped="False" hidden="True" data="https://www.mouser.co.uk/ProductDetail/NDK/NX3225GD-8MHZ-STD-CRA-3?qs=55YtniHzbhDA0fw3anYH2g%3D%3D" />
    <text name="Manufacturer_Name" originx="0" originy="0" style="Default" rotation="0" justify="" flipped="False" hidden="True" data="NDK" />
    <text name="Manufacturer_Part_Number" originx="350" originy="150" style="Default" rotation="0" justify="left" flipped="False" hidden="False" data="NX3225GD-8MHZ-STD-CRA-3" />
  </component>
</quadcept_library>
